customer_id,full_name,email,phone_e164,dob,kyc_level,country,created_at
927f1fcb-451c-4255-8dd1-f6f20065d907,Chris Curtis,nicholsonclinton@example.net,8301661318609,1958-06-04,STANDARD,DE,2025-07-19T00:06:50Z
9eb69e6a-0c51-4ce8-b7f1-c0ec9b72b564,Lydia Aguilar,rayrandy@example.org,8246281948219,1988-11-13,ENHANCED,US,2025-12-07T02:58:08Z
b31ea9fd-9af9-4d1c-b937-72aacaad13e1,Jacqueline Kelley,elliottchristine@example.com,5797543231948,1983-09-10,BASIC,AE,2025-06-26T08:23:15Z
353e5ddb-55fa-42ad-8034-4fe674e46a83,Monica Roberts,wilsonrobert@example.com,7601895559797,1954-09-05,BASIC,SG,2025-09-13T04:14:28Z
924aabbe-3dfe-4f60-92b8-82b01c9a1437,Theresa Wells,brownjacqueline@example.net,4650752917034,1958-10-19,BASIC,US,2025-05-31T03:03:46Z
4f47688c-a924-43ed-a80a-6f04a3177fb6,Jennifer Rangel,cmiller@example.com,2684656321223,1994-10-23,BASIC,FR,2025-03-23T14:09:00Z
36195b29-b06d-4194-b7ab-98a3b4566b1b,John Lawrence,julian26@example.net,9952890786666,1957-01-16,BASIC,DE,2025-03-17T01:05:56Z
1f0bcdd9-8150-465e-b9ef-db890aa84df0,Mr. Connor Rollins,vmartin@example.net,1092815901396,1960-02-09,BASIC,AE,2025-02-12T08:22:48Z
a272a72d-9d6f-41c6-8220-452771c2c158,Tina Guzman,fmartinez@example.com,7412154728038,1974-08-13,BASIC,IN,2025-03-06T15:09:49Z
a3c4afd7-9665-4349-8750-96fe5d76c9c9,Joshua Johnson,tiffany14@example.net,2538885393363,1963-08-08,BASIC,GB,2025-12-07T09:20:19Z
fb8321d6-646a-49b6-ac1f-0cc54325af81,Heather Johnson,tylerthomas@example.org,7551313735379,1991-07-12,ENHANCED,US,2025-05-31T00:21:15Z
501d35e5-ccd5-4b8d-abeb-da70c5b9eba1,Karen Delgado,davenportdavid@example.com,7265167612220,1960-04-13,ENHANCED,FR,2025-03-13T18:22:29Z
a0bd5a1f-747e-4f85-b387-70746fd7d828,Julie Rios,wsandoval@example.org,0018263304348,1966-05-14,BASIC,AE,2025-01-15T23:01:34Z
13936b1b-325a-4cb2-aafd-b5efa5ea59c8,Erika Stephens,brucesingh@example.com,8282880729022,1959-08-19,BASIC,GB,2025-03-13T06:20:39Z
2fb84646-9030-4f59-9716-f1912625b320,Neil Hawkins,faith88@example.com,8033401878017,1972-02-27,ENHANCED,US,2025-11-11T09:39:49Z
a68ada44-2a70-4a09-8cc9-ca5c1c7faeeb,Kathy Hunt,shaun87@example.net,8483726167513,1979-02-23,ENHANCED,IN,2025-03-18T03:26:10Z
77ed4c90-8081-44b1-b156-781c229acfc7,Michael Bowers,sheilaschneider@example.com,4273167232686,1973-01-27,STANDARD,FR,2025-04-20T10:14:49Z
803d35e7-d1ed-40f7-8d3a-d1202c8f9530,Howard Davis,andrew87@example.com,6589481131144,1952-09-09,ENHANCED,SG,2025-07-23T12:39:15Z
3dd48bb2-e906-4337-bc38-17abb0117fbc,Catherine Campos,ratkinson@example.com,2889751402614,1951-02-22,BASIC,FR,2025-06-28T18:41:31Z
81e03a0b-8838-40be-90bb-64a25434e1f5,Rebecca Miller,carlroy@example.com,5864920831240,1962-04-29,BASIC,AE,2025-09-29T20:43:08Z
fe71d0b3-0e2a-4ce6-ad21-adc02bf4275e,Eric Torres,kellyporter@example.org,5040008838737,1957-03-25,STANDARD,GB,2025-07-30T10:29:04Z
ba29ed94-0523-4055-ab1b-1b0492aa9904,Marie Douglas,twaller@example.net,3532650201462,1953-10-08,ENHANCED,US,2025-05-15T19:07:22Z
737bcb12-8416-452e-980d-ad63337d4f4f,Ryan Harrell,carol40@example.com,2470455853043,1974-04-06,STANDARD,IN,2025-10-31T10:58:02Z
9fb3f052-b579-4ee5-a6a5-b595ea557e21,George Miller,wesley33@example.net,1412690604431,1989-11-05,STANDARD,SG,2025-07-09T00:04:22Z
9c81fcc9-43e5-4385-8970-eca25d1e29c0,Sarah Moore,uduran@example.com,4920868288909,2004-04-19,ENHANCED,AE,2025-12-11T02:46:49Z
23247dd1-50db-43a7-9caa-34e31c13f94b,Melanie Steele,christopherwilliams@example.net,1678008374071,2000-12-01,ENHANCED,GB,2025-07-23T17:13:22Z
4fffb9d8-615c-4ffc-8336-6a780e3cf986,Stephanie Davis,reesethomas@example.org,3337761740931,1990-10-22,ENHANCED,FR,2025-03-01T11:31:22Z
65d71178-c253-4a4c-b75b-3868ce03cf21,David Paul,christine20@example.com,7413748477718,1963-07-23,BASIC,GB,2025-05-12T03:06:10Z
3639c056-821a-4ce7-ad42-89bd2517b030,Brady Kennedy,stephen87@example.com,3319128452984,1957-08-31,BASIC,DE,2025-05-03T03:14:23Z
699905ef-d4ee-45aa-8f84-d3a8087a117c,Crystal Hurst,klong@example.org,7642656515055,2007-02-06,ENHANCED,AE,2025-01-05T18:20:02Z
34ce136b-4bbb-4b79-b15c-6c8cde5b1f16,Todd Gonzalez,valenzuelakeith@example.com,6691564041042,1966-12-18,STANDARD,DE,2025-01-16T13:22:51Z
495a1864-a4a0-459e-adaf-3c289d41f2d6,Jessica Stewart,kristen60@example.net,8831067924708,1958-08-30,BASIC,SG,2025-06-16T16:58:20Z
8d868078-ddea-4e13-b0de-6dcd50059237,Jason Campbell,joanne46@example.net,4786122138783,1980-10-28,ENHANCED,US,2025-07-02T23:29:16Z
504fd251-47a4-44b8-9b66-2b4857a2333d,Whitney Cole,amysanchez@example.org,8153549306668,1964-04-15,BASIC,FR,2025-04-23T03:27:35Z
c21b74c8-8488-4016-969c-b0464b54ae50,George Brown,autumn52@example.net,1436676402067,1989-12-15,ENHANCED,IN,2025-08-06T00:53:50Z
3e637502-fe77-485f-b65c-371c3ca03484,Benjamin Conrad DVM,pcompton@example.org,2281718002390,1993-12-04,STANDARD,US,2025-06-10T15:22:20Z
7593a86e-7eaf-4af9-9267-db4f1197da4a,Tonya Sims,hhale@example.org,4893643900847,1968-12-15,STANDARD,AE,2025-10-06T13:15:07Z
1f94e8f8-5190-4a96-8f5b-5ff925dc5cf0,Maria Stephenson,jfox@example.org,6400376143653,1983-07-18,STANDARD,FR,2025-08-11T00:37:15Z
84e7bcb0-01da-436a-9b74-888531aa33c1,George Fisher,zgonzalez@example.com,3734337344197,1991-07-08,ENHANCED,SG,2025-03-24T19:28:09Z
533828e0-bdd8-4f91-bdbc-22a34bbd766a,Daniel Butler,rushdustin@example.com,3092600267511,1961-04-08,BASIC,IN,2025-06-30T15:45:17Z
d895e7fa-18a3-4032-91c1-f9b54911277f,Cody Boyle,qjohnson@example.net,5572101415618,2001-08-20,BASIC,IN,2025-11-18T23:11:25Z
f072c78b-e48d-41af-9d67-b1435ca908c2,Howard Underwood,tmiller@example.com,5873557063606,1952-05-15,BASIC,SG,2025-01-27T21:06:39Z
bb55e9a0-bcf8-4363-a2c7-af66fd391ac7,Robert Brown,julieroach@example.com,4590454409103,1957-04-18,STANDARD,GB,2025-03-04T22:58:02Z
72c790bb-a4c0-4af3-9aa6-6de74b859895,Tyler Finley,bclarke@example.com,7204293557591,1984-10-30,STANDARD,AE,2025-12-29T00:18:08Z
15289e27-ffa8-46a8-8a8f-c4d230a3cf57,Paul Wright,bankstimothy@example.net,2611491316772,1965-12-07,ENHANCED,GB,2025-06-24T07:24:13Z
b3654b07-4771-4d18-ab90-01598f579b38,Joel Vance,julieboone@example.net,4449454437323,1966-01-09,ENHANCED,DE,2025-10-27T10:50:16Z
4b982e74-1e8c-4dff-a188-88d4f329e614,Stephen Lane,calvin43@example.net,1701073750431,1953-06-05,STANDARD,FR,2025-01-19T03:38:26Z
2e2103e9-bed2-4226-99e5-93ddc31da45c,William Aguilar,watsonmichelle@example.com,0199530552034,1952-08-07,STANDARD,SG,2025-01-16T09:14:38Z
c1149be7-703f-44d9-9674-51d4a5817273,Marissa Harris,fuentesrobert@example.com,9413078716168,1960-07-07,BASIC,SG,2025-06-09T15:15:24Z
bfe3fd36-9936-409a-8765-8d84c66cd7a9,Anna Martin,robert44@example.com,4956605366306,1960-08-26,BASIC,IN,2025-02-09T15:01:36Z
4f694f15-77d3-40e3-b2e5-5e4f294d6b8a,Robert Sullivan,steven22@example.org,8261995822542,1985-06-18,STANDARD,IN,2025-11-26T22:00:19Z
69c1a04d-fea5-434b-a1e5-9376a5f3e88f,Austin Reyes,kevinhood@example.org,5096192396937,1962-06-13,ENHANCED,US,2025-11-04T17:13:31Z
b0f65e5f-0674-4b94-88f8-9dbd9dd532ab,Amanda Mays,patrickmartinez@example.org,0805169784649,1966-12-17,ENHANCED,IN,2025-11-09T05:35:52Z
33e2ae84-a4f1-4e07-8ca1-636b2eafbb64,Matthew Griffin,awhite@example.net,7379727611256,1974-11-10,STANDARD,AE,2025-04-01T01:54:43Z
20d50c19-aacd-487c-bf9e-852f13d9986d,Jeremy Dixon,williamsdavid@example.net,8108620191327,1969-08-03,BASIC,AE,2025-12-18T03:02:46Z
37a6fac1-5090-461c-890c-cb0eb7a879db,Sydney Martin,cameronbell@example.com,5947248739498,1966-02-25,ENHANCED,GB,2025-06-22T00:11:52Z
c9d74c91-64a9-4611-95ed-26159780a122,Andrew White,danaramirez@example.com,2418057889148,1992-11-08,STANDARD,SG,2025-07-06T07:40:41Z
300ee5c9-f4e7-4ba0-9fec-348257e7e498,Nancy Watson,kmooney@example.org,5173290484495,1999-11-18,STANDARD,SG,2025-10-30T01:24:23Z
0be04512-c76d-4578-a9aa-7fcd18ab1046,Andrew Hernandez,xbutler@example.org,7390000954185,1986-05-06,STANDARD,US,2025-04-29T11:59:25Z
2f0b1cb8-8d9d-4ff7-bb5d-87ae482a159f,Kevin Chapman,michaelpoole@example.org,0327112464008,1973-11-02,ENHANCED,GB,2025-10-19T01:53:09Z
f737a132-021b-495c-9d74-8c4d7a33f801,Laura Guzman,awright@example.org,8062320109832,1978-02-11,ENHANCED,IN,2025-08-17T12:10:49Z
176b9b67-9b3c-44d3-98f9-8a3b936fa15a,Lawrence Hunter,lli@example.net,1407806671723,1957-02-28,BASIC,AE,2025-04-11T04:45:55Z
1ddb9d53-de20-4052-8eba-4551d9a7bb62,Mathew Martinez,jennifer48@example.net,8443180243325,1963-01-22,ENHANCED,AE,2025-06-29T00:16:07Z
4e272532-5ea4-491a-bd3c-7c82a5f208e8,Erin Allen,hkennedy@example.net,0639436991922,1952-03-28,STANDARD,DE,2025-12-17T10:22:42Z
066cb5fd-9415-40e7-946d-9e8ffd40754d,Brian Hickman,tiffany00@example.org,0101953816133,1963-10-28,ENHANCED,GB,2025-11-14T20:05:58Z
232e423c-dc59-43b3-8065-1674688cb446,Andrew Abbott,bryancrystal@example.com,1213455640544,1953-04-17,BASIC,AE,2025-10-06T16:39:21Z
addd81be-ceec-41bc-8920-3e1f957781d1,Isabel Flores,nyork@example.net,6068157089319,2005-10-14,STANDARD,DE,2025-03-28T11:18:13Z
bf14d958-edcb-4432-ada5-e08ce72178b8,Jeffrey Mills,kathleen00@example.com,1727958492433,1983-11-28,BASIC,FR,2025-09-07T07:16:45Z
7de168b7-3b03-417c-a840-79a82acb854d,Todd Wang,sfrench@example.net,5516616053446,1987-01-30,ENHANCED,FR,2025-08-30T15:01:04Z
5dbc096c-97c3-4976-87f0-307d718c4788,Jamie Henson,sherrymartinez@example.net,5958278527749,1965-09-20,ENHANCED,SG,2025-09-05T22:19:39Z
d4fbffaf-199d-48e5-a398-e98170b1c82b,Joel Mcclure,williamadams@example.net,2359852353412,1994-10-08,BASIC,FR,2025-07-02T04:33:04Z
5e71286b-3035-4972-9e4e-73665ff0e725,James Terrell,jessica64@example.org,1436700663847,1951-07-03,STANDARD,IN,2025-08-09T12:24:45Z
1da06279-a437-4083-9f53-f038182dcd94,Larry Sullivan,rebeccajordan@example.net,3932176541636,1998-07-12,STANDARD,SG,2025-01-10T07:34:26Z
91e11b11-69af-4476-af82-df8a90a08661,Brooke Atkinson,ngibson@example.com,5067104832385,1956-11-16,BASIC,IN,2025-07-05T16:19:49Z
f3366b87-80b2-4059-aad0-737fcbcfb673,Joyce Harris,ohunt@example.com,6732681950446,1977-03-13,STANDARD,IN,2025-11-08T21:20:49Z
d6f06378-dedf-41ac-8b1c-6274f6e7858d,Benjamin Sexton,betty13@example.com,8367322137832,1974-01-11,STANDARD,AE,2025-07-11T22:09:55Z
7e139823-9a95-423e-9332-2af8b5f67ea2,Sandra Pope,smcdonald@example.net,7534646270453,1994-07-13,STANDARD,DE,2025-02-22T05:32:12Z
78235957-7a3e-40f1-9469-21ae42110e9e,John Patterson,hopkinsmichael@example.com,0195285900314,1967-01-05,BASIC,FR,2025-07-07T06:11:26Z
33067c44-b34a-42da-913f-34d01c75526a,Laura Dickerson,kimberlyreed@example.org,6829918437381,2000-06-26,STANDARD,FR,2025-01-27T01:14:26Z
3dbe6d19-b41e-4bb8-955b-af786122882b,Megan Wilson,bakerjim@example.org,7807727372890,1960-11-28,STANDARD,IN,2024-12-31T22:20:57Z
5bb68c7b-e018-414d-afc0-1c43d4b7b3df,Julie Hart,mary56@example.com,2500905187720,1964-07-08,STANDARD,US,2025-05-22T06:27:21Z
d4f0740c-65a3-4e45-a342-f512b1b398e6,Lori Morgan,matthew88@example.org,6564804457658,1968-06-27,STANDARD,DE,2025-06-11T12:44:35Z
d8acfef2-9984-46f0-a9b4-26631e38a256,Haley Harris,vconner@example.org,4291068689064,1957-05-19,BASIC,IN,2025-11-17T23:49:21Z
5188f268-bcef-47c9-a875-f5d6b4ed4c5d,Colton Morse,mccormickrenee@example.net,9291307212061,1994-08-14,ENHANCED,SG,2025-12-17T00:06:11Z
c048b2b2-3f30-43bb-91b2-23504fc34ec0,Shane Taylor,anna44@example.org,0506990798016,1989-02-23,ENHANCED,FR,2025-01-30T00:17:03Z
f056d0b3-7504-4982-b741-31801c429122,Jennifer Jones,qwheeler@example.org,6811732060011,1964-11-06,ENHANCED,GB,2025-02-28T12:20:08Z
b250db89-bac9-42db-9dd8-e579fc5db1f9,Betty Smith,shannonmanning@example.org,2148774000009,1955-06-03,ENHANCED,IN,2025-10-12T09:37:49Z
52f73a1d-449a-4d5d-82c3-d3556ccaac1d,Erik Greene,ulynch@example.com,7221526767495,1969-11-23,ENHANCED,DE,2025-12-21T05:05:16Z
77bc8cf7-40c2-4c0d-b322-bcabdc0c8f91,Marco Curtis,molly02@example.net,9636669374054,1968-03-27,ENHANCED,IN,2025-11-08T10:26:02Z
3297ddc6-2630-45be-a25b-bf75114986b1,Kevin Cabrera,robertsdonald@example.net,4875818876334,1991-04-19,BASIC,US,2025-05-22T22:30:49Z
0000f51b-31ba-4dc4-b02b-578f02df3382,James Erickson,brenda06@example.com,8513698485789,1963-09-26,STANDARD,AE,2025-08-24T21:51:33Z
c3eb58f7-acda-43bd-a3e3-119c630d39df,Corey White,michael95@example.com,3075157125905,1969-02-02,STANDARD,GB,2025-08-29T08:15:17Z
62779ecc-1b76-4651-bfe4-7d9b414b7e60,Alicia Johnson,nwillis@example.com,6179924053261,1951-11-14,BASIC,US,2025-03-27T14:21:02Z
f32e535c-700d-4d4d-9f2f-1fff463c1e94,Justin Harrell,etucker@example.net,1145931862725,1965-12-31,ENHANCED,AE,2025-07-02T12:55:30Z
521285ac-e501-4bad-98a7-bd1b8856f7de,Courtney Johnson MD,brian80@example.org,8701250349971,1982-01-11,ENHANCED,IN,2025-04-10T14:17:30Z
508803b6-b60c-407b-bc94-eb22d10811d3,David Martinez,cgray@example.org,0730231952716,2007-04-25,ENHANCED,AE,2025-04-03T00:04:41Z
df576e9c-7f91-444f-abaa-4e8f0d719257,Benjamin Compton,madeline71@example.net,2530278272466,1966-10-16,BASIC,AE,2025-12-21T13:34:54Z
dc69a61f-f2e2-49ab-a1e2-13d0889d0a0b,Devin Franco,linda47@example.org,7712803874143,1974-10-15,BASIC,IN,2025-12-29T00:09:08Z
71015eb7-6581-4366-a270-357aaa23263d,Dean Allen,connorroberts@example.org,4207858270842,1974-07-03,ENHANCED,US,2025-05-02T07:03:56Z
d616d540-a059-4082-acc4-cfe075ac4336,Thomas Robinson,devinwhite@example.org,3911974232939,1970-12-17,STANDARD,DE,2025-03-22T03:21:28Z
85147ff0-ea70-435d-991a-cc3cf08cfeb3,Austin Oconnor,drandall@example.net,5471067243295,1952-06-29,ENHANCED,SG,2025-04-09T10:16:59Z
a8b2afbc-06ad-437d-9ed8-4c2b5c265cdd,Jacob Larson,kellysarah@example.net,1535690417780,1986-02-05,BASIC,IN,2025-11-06T09:12:23Z
1b70197f-ae54-4ad1-90c1-6b7c820d58f7,Brandy Sanchez,walkerian@example.org,4800134099783,1997-10-24,BASIC,FR,2025-09-24T19:31:26Z
57c3cdae-f91a-4c6a-8bd3-5165cb9d8d18,Gregory Davis,brandonmartinez@example.com,1116289332976,1961-03-07,STANDARD,AE,2025-11-10T11:07:15Z
c1ebd4d1-75ab-4010-a142-a5428db6626f,Alicia Reid,mharper@example.net,6055635695680,1972-02-08,STANDARD,GB,2025-12-17T03:17:57Z
8129074a-0dc1-4d24-8d7d-43fa8aec29e2,Tina Michael,monicaalvarado@example.org,1821563803266,2002-11-04,ENHANCED,AE,2025-02-20T11:11:59Z
a622d137-022c-4a1b-9cec-de6bd4ddc077,Jordan Williams DVM,johnsondarlene@example.com,8091418063041,1970-10-13,STANDARD,AE,2025-09-19T19:30:51Z
5b1a1060-e491-42ac-bbd0-47b84d7aca22,Christopher Brown,christopher98@example.org,1824694431847,1991-07-04,ENHANCED,IN,2025-04-01T12:12:05Z
a41b7918-1dd0-47a7-b6a4-2a0297aa0c6c,Connie Hughes,steven84@example.net,7403533886960,1973-12-30,STANDARD,AE,2025-01-07T10:33:24Z
cf740143-b38f-4ae5-bfe2-9e0f28146734,Tristan Nguyen,travis43@example.com,0281957086751,1985-06-12,BASIC,SG,2025-09-18T13:18:44Z
7825b7f1-8b99-427d-806c-79228fe7bf92,Tyler Rodgers,robertbarnett@example.org,9948174261068,1989-11-11,STANDARD,GB,2025-10-29T15:19:15Z
60ddf35e-1d21-4ad0-a722-e837160dbead,James Haney,robertbowers@example.net,6774545688965,1950-06-17,STANDARD,US,2025-11-23T20:50:41Z
429adad9-7a3f-4f50-b5c5-54f975f7881b,Sarah Porter,ievans@example.com,6969315593536,1950-09-22,BASIC,FR,2025-09-13T18:34:57Z
c24660b6-e0d3-4710-a4d2-c6f7daf3f92a,David Huang,samantha48@example.net,8866750957018,1965-08-07,ENHANCED,GB,2025-10-12T06:10:43Z
6c1106e8-a687-40b3-83da-db375add6ace,James Morales,nicholeoconnell@example.com,7995812555148,1961-12-12,BASIC,SG,2025-10-18T20:23:27Z
67d24032-53a4-483a-9710-e8fae901951f,Steven Vaughn,hwelch@example.com,8362099159060,2003-08-06,STANDARD,SG,2025-09-10T02:10:45Z
0e4fc7c9-d50a-4d69-96e3-9303c06cb886,Michael Tran,raymond19@example.org,3278948829369,1958-04-07,BASIC,DE,2025-10-08T21:27:40Z
b9702c56-ce72-4b52-a82d-fad65c47ac01,Joseph Hicks,garciageorge@example.net,7960095235420,1968-02-21,STANDARD,GB,2025-05-24T10:50:01Z
1ba840ba-0851-4bde-94b6-3fb9fb6eb082,Shannon Meza,baileyshannon@example.com,0369070933302,1989-12-10,STANDARD,GB,2025-05-29T22:28:46Z
f9d16c82-aad4-4bb9-bf75-b09445926533,Emily Nolan,mtorres@example.com,1369364670312,1961-07-24,BASIC,GB,2025-11-13T16:16:56Z
10c42513-c1f4-4b43-bdae-88320e3d538b,Cody Mata,randy51@example.com,5611658363745,1966-02-20,STANDARD,DE,2025-03-22T12:54:24Z
064d6361-faad-4ab1-bef8-01a596c4f4f8,Douglas Johnson,johnanderson@example.org,8287732553669,1964-02-27,STANDARD,AE,2025-12-21T15:36:46Z
3a481a8c-ee7f-49ef-84db-7b7c124ec321,John Harris,tleonard@example.com,9583698321818,2007-12-20,ENHANCED,US,2025-02-14T18:50:57Z
3789376f-7bca-4f12-97f0-5255350ad403,Raymond Cruz,lanceprice@example.org,3531185843141,1965-05-28,BASIC,US,2025-11-03T21:17:05Z
098571c2-95f0-4db8-b9d8-968293a40e07,Robert Ross,richard72@example.com,0556073651241,1968-06-06,BASIC,FR,2025-08-17T19:42:21Z
45e37882-63ba-47bf-8585-396896b4e0af,Morgan Marquez,sullivancharlotte@example.com,4260842939784,1979-08-06,BASIC,FR,2025-09-29T19:45:35Z
dc7db88a-4486-4b89-8160-b0a427e4437b,Laura Walls,flowerskimberly@example.com,9903105351669,2006-05-24,STANDARD,IN,2025-05-28T20:11:26Z
e38aeb47-aae0-4345-809a-d5511c7b8766,Joseph Bailey,vramos@example.net,8036827308428,1961-02-19,ENHANCED,SG,2025-03-31T10:51:49Z
47bb59ca-9c36-434f-ab82-ef5828aa7257,Marcia Stephens,tamarajackson@example.com,1342277330872,1993-08-11,BASIC,GB,2025-01-06T17:41:56Z
e23c7541-6ef6-4b81-a08c-0815f6efd194,Edwin Wilkerson,brianaallen@example.net,8622976314057,1964-01-17,STANDARD,US,2025-12-01T22:55:51Z
32a734e6-51bc-4fbd-b652-638c6260e3d1,Steven Torres,milesshane@example.org,5779542810077,1955-09-18,ENHANCED,US,2025-08-16T04:59:36Z
824dab71-257f-400a-bd4a-c0e5fd414164,Evelyn Stevenson,daniel76@example.com,8505149431200,2002-09-12,ENHANCED,FR,2025-08-20T02:33:26Z
e8d45807-aab7-4663-9a5e-8cec26b0eaef,Charles Richardson,curtishiggins@example.com,6255352854300,1957-04-18,STANDARD,FR,2025-09-09T03:10:50Z
498abc29-d8cf-4d97-8329-febe44d7e421,Lori Weiss,nstein@example.com,7249912322761,1952-09-18,BASIC,GB,2025-10-29T13:05:05Z
ebc92744-133a-4a04-9fca-49782de4d9ee,Karen Robinson,aaron98@example.com,4108651702264,1950-04-14,STANDARD,AE,2025-03-22T14:23:46Z
328da210-a1e0-4416-b5af-52da6b37bee8,Justin Bailey,taylordaniels@example.net,6826991059499,1978-08-28,ENHANCED,DE,2025-10-26T04:01:59Z
bbf0f852-6ec4-470b-af20-f0e6d81cad24,Karen Holland,michelle80@example.org,7129589658397,1976-12-20,BASIC,GB,2025-08-31T01:37:16Z
a4574a2f-5cb0-4f22-9777-e7ffdb7394f1,Darren Schmitt,amyrodriguez@example.com,3847387389189,1988-07-28,BASIC,GB,2025-12-05T23:00:39Z
9fbfcb6f-247a-413e-a843-a9764d772aed,Jason Jones,gtaylor@example.net,8176823971259,1953-11-30,ENHANCED,FR,2025-02-12T18:30:05Z
9ef667e2-8b72-436a-a54e-b5c1f9e22767,Anthony Williams,stevemartinez@example.org,1939152550413,1975-05-20,STANDARD,AE,2025-09-16T19:02:57Z
276ccda7-41de-4a29-80cb-1a77c5eb95eb,Kelly Kelly,mwilliams@example.com,5859103453709,1979-12-07,STANDARD,GB,2025-01-20T23:07:45Z
b6fd43f2-2f4e-4460-8a1f-235b35634c0d,Alex Rodriguez,jacob84@example.net,2948470052787,1952-02-25,BASIC,US,2025-12-21T20:29:16Z
ebbe2f08-ce97-49ff-9375-16198fbfbc70,Amanda White,kcameron@example.net,6398155834299,1952-12-20,ENHANCED,IN,2025-12-21T11:11:45Z
733b563d-9297-4ba1-b6b2-2e82b5271913,Robert Acosta,barbara65@example.com,5975303790224,1976-02-28,BASIC,SG,2025-04-11T12:19:15Z
d82f6b52-0ece-4cf0-a263-8ee522d65d16,Jonathan Baker,victoriajohnson@example.net,3691543214558,1993-03-23,ENHANCED,SG,2025-11-06T05:38:15Z
360759a3-7f8a-4f83-bcaa-0398e4f64fe1,Shane Baldwin,bruce55@example.com,3352230767694,1961-06-29,ENHANCED,FR,2025-01-28T11:35:02Z
5604a40d-2411-4b91-b9d1-1d86c74d84a1,Briana Cortez,jessica85@example.org,9192495756175,1961-12-03,STANDARD,DE,2025-06-12T11:09:30Z
8cb864ff-116a-478b-bc36-5d56783a336b,David Johnson,courtneyyoung@example.org,0673948133029,1953-04-21,STANDARD,IN,2025-09-11T21:14:53Z
0cef225e-002a-4f24-af3a-bf227bed96b0,Robert Hutchinson,jennifer03@example.com,5035507695206,2004-03-08,BASIC,SG,2025-01-03T06:27:04Z
0fa0848a-c82e-48d1-bfb4-1976b05a998e,Mark Cook,zhuerta@example.com,0059506952102,1964-04-27,BASIC,US,2025-07-07T03:37:34Z
45db5e84-b942-4c4f-866f-0bfa66104a38,Randall Davis,rodney89@example.net,9953947048784,1974-08-03,ENHANCED,GB,2025-11-24T06:50:04Z
532d7092-50d5-4b29-9756-bf4a3b36495f,Teresa Anderson,grantcory@example.com,3610921088382,1967-08-19,BASIC,US,2025-05-24T23:39:45Z
d05ae716-281f-49af-965e-30eb75d549ab,Holly Hernandez,monicafoley@example.org,5377356735010,1954-06-14,ENHANCED,DE,2025-01-24T15:44:20Z
6378648d-46bd-428e-82aa-7143821271c7,Susan Craig,brian96@example.com,3040463353564,1970-04-23,BASIC,DE,2025-08-08T07:48:19Z
6225ff92-a352-4391-9b7b-54055f65b3ba,Kathleen Zavala,thomaspeck@example.com,4415073259973,1989-05-31,STANDARD,IN,2025-08-03T03:57:33Z
fa650b0d-fb5a-48df-a827-025f1dfefd73,Richard York,brandon72@example.com,4012024285127,1996-06-17,STANDARD,US,2025-10-11T19:48:39Z
a9bee236-62e8-4698-b1b1-9f909ef7487e,Jason May,cmacias@example.net,3002893961005,1954-05-23,STANDARD,AE,2025-08-18T16:20:54Z
da050348-6ae1-4f07-a20c-65d4352c9b9c,Barbara Freeman,aliciasmith@example.org,8818571533142,1951-01-12,BASIC,GB,2025-07-18T20:42:22Z
d59de06a-6aed-40e1-85d8-c6dd7a60951d,Benjamin Williams,russellangela@example.com,0507848564665,1986-09-29,BASIC,US,2025-09-10T16:37:24Z
cb99f020-f246-46d9-9e65-553508b56cda,William Hughes,zkeith@example.org,3984963311900,1977-08-12,BASIC,SG,2025-07-12T15:42:42Z
8d022f0c-ea17-4d09-8368-b600d1368038,Erika Lucas,stanley90@example.com,8598636516849,1994-11-19,ENHANCED,IN,2025-08-10T11:18:04Z
9eb9aa24-2609-4bf5-b2f2-93c65f833ddb,Erica Fuller,sandracannon@example.com,5897932185838,1961-07-04,BASIC,US,2025-08-25T11:13:46Z
61244b39-435f-4620-9ff6-e0b037510628,Cynthia Jackson,pthompson@example.org,6561624615588,1970-07-30,BASIC,SG,2025-08-18T02:20:18Z
5f000284-0b47-45ba-a6e1-a64293b2430c,Brandon Foster,cneal@example.net,2820257839585,2004-07-17,STANDARD,US,2025-03-06T04:05:21Z
dcba5d70-6296-4cd8-aa26-9250a24afa81,Albert Harris,brian24@example.net,5434718713264,1992-01-17,ENHANCED,IN,2025-07-30T18:31:45Z
180bb5fb-f5d2-4273-943d-48fd7db949a6,Tami Love,trichardson@example.com,6945369293951,1995-04-17,ENHANCED,FR,2025-11-17T08:17:09Z
facdc658-02f5-49dc-a937-d52a278cfafb,Scott Miller,hgray@example.com,0199776672176,1983-06-06,ENHANCED,FR,2025-10-12T05:39:57Z
b50527ba-2f26-4bde-8393-2b724cb6b9a3,Paul Smith,joymorales@example.org,8567113190171,2007-09-18,STANDARD,DE,2025-02-28T15:25:28Z
c8e71325-3e1d-4944-b97a-d560566bece3,Kristy Brown,jenniferwebb@example.org,9260255380284,1985-05-20,STANDARD,DE,2025-04-22T00:09:52Z
18048c43-54d8-48b2-8970-e990fa3bd176,Erik Scott,angela86@example.net,4436684432038,1994-05-20,BASIC,US,2025-02-17T06:11:14Z
e1495181-19d2-427e-b8a3-0d73eea0d459,John Burns,michaelsolis@example.org,8050816950437,1969-11-02,STANDARD,DE,2025-04-12T06:45:57Z
a384e6db-49bb-4912-adb2-eb533b87a29d,Daniel Dudley,usullivan@example.com,3026102197208,2000-03-01,BASIC,AE,2025-01-06T11:12:00Z
529f03fd-31e9-423e-916b-1cc212907a95,Kathleen Craig,laurie82@example.org,8171310634762,1953-11-08,BASIC,FR,2025-04-16T08:54:31Z
3232b35e-4f53-4694-bdbf-c4d1cbeae9ba,Brandi Moore,ocarter@example.net,8244583236056,1960-08-11,ENHANCED,DE,2025-01-13T08:20:28Z
4972ecf7-40ce-4760-8235-64da286ed891,Courtney Gardner,gonzalezeduardo@example.org,5610513881475,1951-03-17,BASIC,US,2025-01-10T06:11:58Z
f3261457-dfbe-405e-a0a8-c1a61e609adf,Kathleen Spears,gonzalezjoshua@example.com,3274394099105,1963-03-24,BASIC,DE,2025-12-16T04:04:56Z
ebb45d45-e319-4034-8cab-348484a3df86,Mary Williams,michael73@example.com,2141871812967,1952-06-10,STANDARD,FR,2025-06-30T01:47:11Z
2221fcbf-ec81-4a8a-bde4-0235bedbd254,Jose Davis,roberthood@example.org,2521507424113,1957-12-18,BASIC,DE,2025-05-13T09:16:15Z
6348e61f-c9b1-4f46-8c33-b35f678a0e5b,Devin Weaver,taylor29@example.net,8453468323883,1956-06-18,ENHANCED,DE,2025-12-21T06:48:22Z
63d61a9b-3dde-4def-8e3c-c34e6bf4c97c,Tony Freeman,haleyperez@example.org,4066981491193,1965-12-01,STANDARD,US,2025-08-27T11:47:30Z
78838b73-faba-4aab-b554-d242a2c981cd,Reginald Palmer,underwoodcharles@example.com,0392451792056,2003-07-12,ENHANCED,AE,2025-05-12T03:03:13Z
376c4413-4309-4a3b-baf3-933ccae73459,Brandon Sanchez,edwardcooper@example.org,3351070785191,1963-07-18,ENHANCED,AE,2025-04-01T02:15:31Z
f8726f03-3d9a-42c8-b87c-263a8bbc60f0,Amber Diaz,tdavis@example.com,7724407926684,2000-11-25,STANDARD,FR,2025-11-27T12:21:13Z
ea30b5ba-e070-46ba-8208-3c52f088e716,Kim Bautista,joneskrista@example.com,3397837906656,1977-08-23,BASIC,DE,2025-11-22T19:56:15Z
ef0886a1-baee-4cf8-91cf-769b2d783e22,Crystal Powers,elizabeth64@example.org,7901766947258,1964-07-15,ENHANCED,DE,2025-09-16T21:12:19Z
f7e3090a-1854-4e4f-a450-f086ddef65cc,James Owens,carterchristopher@example.com,7683130626452,1974-08-28,STANDARD,US,2025-05-09T11:37:20Z
5ed5c460-974a-4200-a513-5e988c5b4747,Gregory Cabrera,uparker@example.net,2680021379451,1987-08-10,BASIC,AE,2025-04-29T19:08:43Z
d284bd67-5a38-4b40-87a2-18aa48982acc,Nicole Wade,sarahenglish@example.net,1895744546807,1983-07-28,BASIC,US,2025-02-10T06:12:14Z
40ef209f-3166-4420-83f9-d863490309f2,William Brown,grantseth@example.net,9705720423998,1953-03-05,STANDARD,GB,2025-02-27T00:14:19Z
1a6b35ee-f506-4663-887e-8104eb176b4e,Mrs. Leah Hendrix DDS,kellystephens@example.com,1675452970852,1963-08-30,ENHANCED,AE,2025-01-31T18:31:22Z
a3fb73f3-a475-41af-bd9d-5d5a72791142,Sherry Martin,erinsolomon@example.net,6524473957614,1974-08-14,STANDARD,US,2025-10-24T05:09:08Z
52529318-0e5a-4146-b85e-f1d6a9296e37,James Stuart,daniel97@example.net,2502487861465,1998-10-23,ENHANCED,US,2025-04-26T19:49:14Z
65878328-4960-4dd7-83de-705bc3e9dece,Kendra Roberts,greenkelsey@example.org,5954318196142,1993-11-15,ENHANCED,SG,2025-01-10T21:40:49Z
e03cf51d-183a-4e7f-aaa8-ec249bdda3cf,Nathan Newton,hamptonralph@example.net,6675522886423,1973-01-18,STANDARD,SG,2025-08-04T10:47:59Z
61bda582-a3b7-41c3-af7e-7c391aa80584,Tammy Jones,christianelizabeth@example.net,6394223381406,1969-07-24,BASIC,AE,2025-05-06T12:37:38Z
9aeb3820-b6e7-4d11-847d-7b36517cd3da,Michael Padilla,jennifer99@example.net,9334159150811,2007-01-24,BASIC,SG,2025-09-19T18:15:31Z
cfeb90e2-81f8-4aa1-9de7-8f4ffc329343,Colleen Ellis,seangordon@example.com,0871734558933,1987-11-16,STANDARD,US,2025-12-22T19:03:46Z
ca55e656-4f80-4213-a3c3-dc8dada2ce51,Christine Franco,walkergilbert@example.net,6514191668963,1995-05-15,STANDARD,SG,2025-04-15T13:14:32Z
d5e969a5-237c-45d9-8d3a-e5871375b95f,Whitney Brock,diane41@example.net,9267973593162,1969-03-24,BASIC,AE,2025-09-14T21:56:04Z
727680ba-e4a1-40fc-b83f-e69e6a553dcb,Angela Merritt,gonzalesjames@example.net,4384090153608,1967-12-13,ENHANCED,AE,2025-11-15T00:26:44Z
de234d18-a338-4f39-83d2-76318fbaea72,Lori Cunningham,victoria41@example.org,5607151257715,2004-01-30,BASIC,AE,2025-08-18T16:30:55Z
bbdc19be-f6bf-48f3-8364-27ab799177d3,Steven Cherry,ricejohn@example.com,5403486626220,1957-07-24,STANDARD,US,2025-02-10T11:05:00Z
847db19a-9e96-4208-a036-70e4246194f4,Kevin Gray,literesa@example.org,0398155987730,1966-07-25,BASIC,SG,2025-01-04T16:18:37Z
962c63af-27ef-46aa-bb9f-91072b6f5b1b,Henry Gilmore,garzadavid@example.org,7997190726377,1991-03-25,BASIC,IN,2025-04-26T15:15:30Z
e74213e2-ad76-4e35-bc0d-e2c32c7d167b,Terry George,lyonslauren@example.org,6930313007063,1964-12-09,ENHANCED,SG,2025-12-29T11:42:15Z
34ca5b4c-1b56-4ced-afb5-ec7085743bf6,Amanda Hawkins,jbaker@example.com,7112282985186,1950-02-25,ENHANCED,IN,2025-06-06T18:36:45Z
25a720e7-1d70-4102-bdf6-32cd155adb0e,Allen Wong,shawchristine@example.net,0894760830287,1964-03-15,STANDARD,GB,2025-05-31T17:04:59Z
d735989a-0098-4a27-8e13-3d5209116efb,Matthew Clark,nlucero@example.org,1131154444279,1989-03-18,BASIC,GB,2025-10-30T17:32:35Z
72ac15b4-4af0-4cc6-96f7-ac187970ea75,Patricia Smith,williamsfelicia@example.net,8676993100026,2004-07-07,BASIC,IN,2025-07-10T15:06:22Z
318599e2-0b6c-4c0f-91cd-0c5990c7713e,Catherine Bender,iscott@example.com,5056127279543,1950-11-23,ENHANCED,GB,2024-12-31T05:10:46Z
069e22a0-42d4-4113-893b-7716d5800421,Alex Hall,samantha50@example.org,1821056551817,1960-12-17,BASIC,SG,2025-08-23T16:03:15Z
680afb8a-547b-499f-87a3-78d66fd8cac6,Anthony Alvarado,sharonrussell@example.net,3340461297924,2001-04-01,BASIC,GB,2025-06-14T08:09:18Z
01da2536-5f2d-4458-a02c-cdc5346a32aa,Glenn Yu,vazquezjason@example.com,1916411180151,1959-09-05,BASIC,GB,2025-05-25T19:35:17Z
0f58c460-7a07-4b62-a4de-f19f4103e531,Miranda Wong,samantha72@example.org,4662717553063,1957-04-01,ENHANCED,GB,2025-11-09T03:43:37Z
2814e5ed-f21c-4d51-83d1-bc1b4410d3f2,Rebekah Lambert,colleen31@example.org,9442027106419,1989-09-19,BASIC,GB,2025-02-09T00:11:04Z
0216e6a0-82e4-4249-8f74-f2ff6a36dd6b,Austin Smith,sharonkelly@example.net,2545528132460,1965-03-29,STANDARD,IN,2025-05-21T11:00:10Z
a1164d5e-518d-4451-bae0-ef7597fd0b90,Stacie Farmer,john74@example.org,1653407771178,1998-06-01,BASIC,FR,2025-06-22T14:01:57Z
f4aff94b-910f-40ce-bd9a-8d2446136deb,Jared Washington DVM,ronaldbrown@example.org,4577358018373,1988-04-20,ENHANCED,AE,2025-02-10T15:02:28Z
5037752b-9006-4b9c-a823-37525bfc2251,Zoe Hebert,brodriguez@example.net,3828531174772,1955-01-24,BASIC,DE,2025-09-18T02:40:21Z
e4a03022-8bad-49e8-aa7b-ceb31672e9b8,Lynn Garcia,elizabeth51@example.org,7428080708379,1959-06-24,ENHANCED,FR,2025-06-03T13:11:27Z
ec367048-b664-408f-a10d-ccd144a52369,Brianna Lara,joy52@example.net,0971730472345,1989-09-10,STANDARD,SG,2025-10-21T06:08:28Z
f981b0b5-7535-42b8-9dbd-eaa882b3b2db,Austin Johnson,alexandervaughan@example.org,7587393373474,1965-05-25,BASIC,IN,2025-12-05T09:34:39Z
ddef064c-b4bc-4d09-a0cf-af6e6f32afc7,Nicole Johnson,matthewbarnett@example.org,2302949778862,1967-10-07,STANDARD,GB,2025-05-03T14:30:05Z
090d3f80-cddd-4915-9bba-90a606305ce5,Bryan Horne,reneemurillo@example.org,0236219764932,2000-08-29,ENHANCED,DE,2025-07-31T20:17:42Z
face750b-fce1-46fa-91d0-f6b0168217b5,Tom Russell,grahamlori@example.org,1422618648917,1966-08-02,STANDARD,DE,2025-01-30T20:08:02Z
5c868225-7f9f-48f1-b40e-dc786357f583,Mr. Michael Wood MD,ryanvargas@example.com,2436584109735,2004-05-30,STANDARD,AE,2025-08-30T18:39:11Z
ab8e3c44-241c-4746-8066-e1478342c41b,Jill Morgan,stevennguyen@example.org,1386623556752,1965-02-21,BASIC,IN,2025-01-22T15:14:52Z
1eb513e6-4141-4d7f-91d9-6cefa4cefe39,Sherry Wilson,nicolegilbert@example.net,7975985565270,1996-01-12,BASIC,IN,2025-02-04T23:43:14Z
12024cf8-5b9b-4771-8eb1-ef10f4dccc1f,Candace Wood,mary33@example.net,5442197903098,1978-01-19,ENHANCED,IN,2025-04-18T11:30:30Z
f5e471f1-17e8-45be-9bb0-351e60634ff3,Denise Jones,hoodchristopher@example.org,2324300111327,1972-10-26,STANDARD,SG,2025-05-13T17:29:17Z
823d4cb1-e45d-4bd8-938a-eaf94bdb9de5,Gregory Carter,vbaxter@example.org,4241190425587,1959-08-07,BASIC,IN,2025-10-20T09:39:43Z
c27b0fba-43c2-43ef-ad53-01fe36da4cd4,Timothy Castro,pottermary@example.com,4034171192377,2003-11-05,STANDARD,AE,2025-11-14T23:14:45Z
8302170d-075b-49d0-b424-f0eb27bdaa5c,Lisa Summers,icunningham@example.org,9317348688500,1965-07-26,BASIC,GB,2025-11-14T17:58:53Z
e4e3fb11-687d-4fe3-bcea-ccb58b5d7272,Connie Carter,lmendez@example.org,4220375465840,2002-09-17,BASIC,US,2025-08-20T08:52:02Z
faf92576-e34d-4490-bec9-d25ff04c7b32,Ann Williams,edwardhuynh@example.org,0351885784111,1992-06-11,STANDARD,DE,2025-06-02T15:40:03Z
8c5778bf-fbee-42af-9ce4-0d24de420ab6,John King,shannonphelps@example.net,5875901714208,1958-10-10,STANDARD,GB,2025-04-06T21:57:37Z
5fdd5b66-4e59-4fd7-96cd-a44fa4cb07e8,Michael Johnson,phelpsdonna@example.com,8126100428115,1961-02-26,STANDARD,GB,2025-07-11T03:20:48Z
1546cecc-49fc-4798-9480-8b300fa94c9f,Lindsey Russell,glennhubbard@example.com,5137811467329,2005-03-06,BASIC,DE,2025-03-11T16:29:38Z
c2189771-377f-4c56-8b74-1d44c3b733a5,John Baldwin,kaitlynsexton@example.com,8530487295525,1996-06-13,ENHANCED,FR,2025-04-17T10:20:16Z
8e6f86c6-49d7-47a4-ad01-57728e422cb7,Jason Underwood,baileysmith@example.com,0535454595664,1957-07-02,STANDARD,IN,2025-09-12T02:14:05Z
4d70594e-3a36-49fa-9fb0-4ab4c5322569,Alexandria Lowe,lisanewman@example.org,2448566423850,1973-06-29,ENHANCED,SG,2025-06-17T15:03:06Z
681c4e87-34e4-441d-9086-389712ea364e,Carrie Flores,mercedesblevins@example.net,8757735531115,1951-10-07,BASIC,IN,2025-05-23T18:14:46Z
548263f5-7fbf-4596-82e8-739b8a96d0a1,Allison Wood,jimenezbrian@example.com,4764975545919,1989-12-23,ENHANCED,FR,2025-12-14T14:07:31Z
5e99cd98-c4e2-4925-b955-705aacca7627,Dr. Andrea Griffin MD,jaredcox@example.com,9079960261284,2005-10-29,STANDARD,US,2025-05-02T08:13:40Z
aeb1bda3-b8d6-432b-938e-95071b8883c7,Natasha Garcia,robinsonnicole@example.net,2616354582788,1950-09-26,ENHANCED,FR,2025-11-23T15:21:05Z
8b00015a-c9b9-42ce-af0f-b2ff5ee95562,Briana Frye,isaackent@example.net,9500380838728,1964-07-08,BASIC,FR,2025-05-05T13:15:38Z
22280489-b9b6-4ae0-83a7-dfe6da37c23d,Mark Lara,staylor@example.com,3638701052384,1965-10-16,BASIC,IN,2025-11-05T21:27:29Z
e34d058b-9d06-4269-acc2-532aa4919837,Casey Morrison,theresagriffith@example.org,9346807071186,1959-09-02,ENHANCED,DE,2025-04-08T01:38:30Z
73b4f322-8ad0-42e3-bff5-5e0835a519d2,Christopher Robinson,ricky33@example.org,6596442371239,1971-06-28,BASIC,AE,2025-02-02T12:57:20Z
87aafe4c-f26d-459d-9743-b4f1100d3d60,Edward Butler,lmack@example.com,4783798282315,1997-09-21,BASIC,IN,2025-12-11T05:33:23Z
f3ceefa1-9671-4877-8d9f-91f57e5a97c3,Benjamin Garcia,trogers@example.net,2798007586694,1960-08-24,ENHANCED,DE,2025-03-15T04:14:15Z
e363c060-09e9-4429-bfee-3a7b2a43b070,Mary Moss,courtneybyrd@example.com,9935288624120,1991-12-11,ENHANCED,GB,2025-07-29T00:56:50Z
869f0027-ab0b-44d5-89fd-207dfe193b32,John Simpson,adrienne05@example.net,7154699940561,1974-09-09,STANDARD,DE,2025-04-04T06:26:23Z
0966c468-0850-4076-866a-042a8c9f787b,Lori Smith,keith72@example.net,0133022433064,1958-04-20,BASIC,GB,2025-11-04T01:59:08Z
837a15d1-e7ef-4bf1-a12f-71ed1323877b,Michelle Lozano,andreaweeks@example.org,6307661292401,1953-10-21,BASIC,SG,2025-04-06T08:23:02Z
821a5c44-a223-469e-b380-d3ba9b411071,Andrew Murphy,danielmartin@example.org,9535165664737,1951-08-31,ENHANCED,US,2025-08-19T21:27:57Z
937e1417-7d17-4f2f-95b1-cf6d252a8fe7,Michele Thompson MD,lauragarrett@example.net,7890789077095,1994-12-04,STANDARD,SG,2025-12-25T10:02:14Z
9271a54e-dcad-4d36-8481-9cee5eb49ec2,Tony Villarreal,tylerbarker@example.org,8805639665799,1960-12-21,ENHANCED,FR,2025-08-10T18:05:17Z
ce866aca-aa30-4439-ab6c-43a261cad34c,James Adams,laurafrench@example.org,5849529874170,1960-02-22,ENHANCED,IN,2025-08-28T12:18:03Z
e49c4b76-5e58-4561-849f-1b6300caaf8c,Bradley Perry,brenda60@example.org,1641967417510,1983-08-09,BASIC,SG,2025-03-25T20:36:40Z
6ab95e7d-efcb-427d-9535-9e9f6123fcff,Elizabeth Brown,joshua53@example.net,9475671024098,2000-02-23,STANDARD,US,2025-01-04T05:57:12Z
9e6cae48-61e8-4203-98d4-71f8fc8d6f43,Bonnie Walsh,qhodge@example.net,7701103797145,2007-02-25,STANDARD,DE,2025-12-19T22:32:19Z
de0c372f-42c4-4b6b-9e7f-404c155459aa,Cathy Taylor,newmanmary@example.com,2237344032941,1992-12-04,BASIC,GB,2025-02-02T14:18:50Z
6ba20506-793a-4050-a553-ba40c4dbc3c5,Marcus Faulkner,coreymcintyre@example.com,6377834281856,1961-05-31,STANDARD,IN,2025-09-05T14:09:26Z
7d878c28-593b-454b-9d1e-55a4cea4b9bd,Stephanie Harrison,anna18@example.com,2515612794569,1987-04-03,ENHANCED,GB,2025-04-23T04:21:53Z
59cf8931-86e3-4736-b6b6-9d67beb25c8b,Randy Stewart,smartinez@example.com,9573825393443,1998-04-07,ENHANCED,SG,2025-05-29T16:24:53Z
2f4059b4-b261-4634-93ff-d171cfd21199,Amy Smith,harriswilliam@example.org,1413904061459,1997-03-01,STANDARD,DE,2025-09-21T05:21:37Z
c594dfd2-24bc-4aed-8f7a-554c06813419,Jason Orr,alexanderharris@example.org,1314985660196,1957-07-08,BASIC,SG,2025-04-17T03:09:04Z
29e9d8b1-36ed-45f6-a3eb-23f5c4682c15,Stephanie Robertson,qdiaz@example.org,0698625582554,1986-12-26,BASIC,IN,2025-09-19T18:15:25Z
3c0d6853-cd30-4c06-abcd-7de8f9622fd4,Christopher Hernandez,moorewesley@example.net,8767800362303,2006-01-25,STANDARD,FR,2025-05-06T21:32:38Z
46a56103-c8de-4daa-9379-b4ac383868f9,Raymond Davenport,ejordan@example.org,0783092314151,1973-01-20,ENHANCED,SG,2025-08-02T01:38:15Z
8f3fb965-94ba-4e62-bacd-585a51704327,Jessica Parker,jsanchez@example.org,6518629071204,1984-06-28,BASIC,SG,2025-02-21T22:47:11Z
8ee58036-555f-40af-bea1-b11731a38ae2,Anthony Meyer,williamjackson@example.net,6471370361361,1986-06-26,ENHANCED,IN,2025-06-01T03:33:08Z
bef093b4-f60e-43f5-bc50-e10c8fe6034f,Wendy Rogers,doris53@example.org,6612110834168,1996-04-20,BASIC,US,2025-06-13T03:37:38Z
5ef10f18-3039-4a85-bdc6-f685474e541a,Cory Santiago MD,lcarter@example.com,2176202901153,1953-08-28,STANDARD,US,2025-03-01T00:26:22Z
c04e8970-1dc5-4fea-838e-14a761269728,Travis Adams,heatherrichardson@example.net,2772021863241,1957-11-02,BASIC,SG,2025-01-02T03:25:00Z
5f52b4d6-447e-479e-ab3e-3e02e3315754,Anna Walker,bobbygomez@example.com,8979834837525,1974-02-19,ENHANCED,US,2025-05-14T18:10:00Z
67b31dd0-262e-44d3-8287-17b09e3c7c9a,Leah Walker,donna28@example.org,6920844175873,1997-12-06,STANDARD,IN,2025-11-20T23:34:33Z
74b9b70c-0f3f-44da-a187-333369382690,Kayla Brooks,kelly04@example.com,3754751533645,1997-03-11,ENHANCED,DE,2025-09-27T05:51:02Z
2f3f7c0a-8f4f-4077-b0dd-d51a6f5a27fb,Joshua Peterson,mjohnson@example.net,3557127153470,1998-06-15,STANDARD,DE,2025-05-06T04:26:42Z
82ab36d6-5ae4-4cfc-9536-072f1ce56392,Gerald Fisher,jroberts@example.com,2254035020663,1960-05-13,STANDARD,SG,2025-06-20T15:59:37Z
fb546d87-6377-4f16-857f-a74d3c458675,Jade Wilson,scott69@example.com,6626051552093,1964-01-28,BASIC,US,2025-10-06T01:38:21Z
8d2d6c2d-3753-4e54-a911-793057892f3a,Michael Carr,corey33@example.com,1095891871337,1971-03-09,STANDARD,SG,2025-08-10T02:39:57Z
346a9645-93aa-42e3-a561-7c3cd409c4ae,Suzanne Smith MD,valerie36@example.org,9360884477700,1995-02-21,BASIC,SG,2025-10-28T09:10:34Z
5fa515ea-2534-46f1-84fa-ac4b6776ffe9,Darren Weber,ykelley@example.org,4714730111250,1979-06-09,STANDARD,US,2025-07-01T18:22:01Z
b8a5eddc-1002-4dae-b5ed-6ed988a6e996,Jesus Ellison,zachary21@example.net,1548336559989,1968-08-22,BASIC,GB,2025-12-05T12:22:05Z
cdbcb979-3561-472c-864e-c0e867aabd4b,Bradley Moses,megan58@example.net,2515260536023,1995-03-28,BASIC,GB,2025-03-28T13:21:19Z
adc40e66-0c57-47cc-85ec-05d4c8048491,Heather Green,kristyellis@example.com,0635607873821,1993-11-27,BASIC,DE,2025-06-27T12:19:44Z
a1d6f441-f5c6-427c-94c9-9f23cd98ba9e,Cody Shepherd,jacquelinetownsend@example.net,4882791244438,1991-12-19,ENHANCED,FR,2025-06-03T20:34:35Z
261edec5-995e-40d4-a540-0ff1fff10670,Teresa Bass,upaul@example.net,5778201199098,1999-07-18,STANDARD,US,2025-06-07T04:07:34Z
7bb132a1-4925-4fd6-96e5-0bb774000c1e,Robert Jones,smithpamela@example.com,7832355902551,1954-11-28,BASIC,GB,2025-05-08T03:19:40Z
4645c3d6-e918-4648-8340-ffeaaca450ff,Nathan Williams,emily41@example.org,9480043418799,1959-10-06,ENHANCED,GB,2025-09-23T03:19:04Z
d73d0df4-f68e-4766-a47f-8e9fcb9fe224,Joshua Bennett,ogallegos@example.com,8324603137578,1973-09-04,STANDARD,AE,2025-06-28T19:41:30Z
5c23f9c5-ae00-4c28-b5c0-c70ee783c326,Alyssa Molina,richard25@example.com,2826278333591,1967-12-10,ENHANCED,DE,2025-12-08T20:03:39Z
21442bae-71ea-4ec9-b839-48dbb743032f,Mark Olson,nwatkins@example.com,0442889922416,2005-06-21,STANDARD,GB,2025-01-11T18:05:00Z
8859f7ff-7ac9-4004-b693-4d3583726e5b,Ruben Reeves,glopez@example.org,2825366421293,1960-12-20,ENHANCED,US,2025-12-29T07:55:20Z
467d01b0-831d-4f77-85be-610927949ce3,Joshua Gonzales,bcopeland@example.org,0918634939255,1957-02-04,BASIC,SG,2025-12-18T21:05:29Z
090cd9a5-362a-4403-a7f4-ac4930e92ab7,Austin Schneider,eric81@example.org,3331441472404,1981-05-27,STANDARD,SG,2025-05-06T15:32:01Z
739e8bb3-a853-47db-93e8-3ebd4500b39d,David Johns,owilson@example.org,5177033505668,1976-09-14,STANDARD,IN,2025-04-23T00:46:28Z
71844c9d-cfd8-4040-b53c-b4c6076e0f9b,Jason Montgomery,lrhodes@example.net,4266308379388,1958-01-20,ENHANCED,FR,2025-12-26T18:33:46Z
e79163e4-b8c6-421a-95b6-e6f2ba9e7d6f,Jacob Gilmore,smithcourtney@example.net,3724632604067,1999-01-02,BASIC,GB,2025-10-14T07:29:48Z
8a15ca28-2b0c-4fc8-985e-4daeb6deaf78,Kyle Rogers,brandonmiller@example.org,4821114052968,2000-05-09,STANDARD,FR,2025-07-20T12:49:47Z
76fcedc8-e54a-4cdd-9d17-ec200f72188a,Bryan Mills,tony76@example.org,3635766884190,1994-05-06,ENHANCED,IN,2025-03-01T02:43:46Z
c990484c-6941-44b4-be23-66a874421e3b,Shane Harris,nprice@example.com,2982624318061,1952-04-20,BASIC,SG,2025-06-13T23:46:59Z
8ae043df-6bdb-49c4-a717-62158e4c5e0e,Mary Clarke,epage@example.org,6480652710028,1965-02-19,BASIC,SG,2025-11-27T05:57:25Z
906407d4-b58e-48c0-8405-70b2123f0733,Robin Tran,taylorlori@example.com,4935091864901,1956-10-31,STANDARD,IN,2025-03-23T09:46:39Z
93d0bd0a-8c4d-495b-9647-500b9969194b,Kenneth Lewis,erica42@example.net,0479548481187,1973-03-01,BASIC,GB,2025-05-27T01:46:31Z
b61d5717-b965-44d7-8e2d-69480ae4314f,Brian Hicks,jennifer53@example.com,9936749328280,1955-05-30,BASIC,US,2025-02-15T02:32:42Z
cd66c6a0-18be-4f77-b6dd-d8554f76d906,Michael Ward,reginaldthompson@example.net,4127860366635,1995-05-11,ENHANCED,SG,2025-05-29T11:27:26Z
10bd51e1-7bfb-40fb-b4f5-d386081df264,Natalie Santos,zbarrett@example.net,3628587013182,2006-09-16,BASIC,SG,2025-10-03T21:04:46Z
cd55a232-fcb1-4f4d-a1a7-54fe2142d7be,Richard Mcclain,talvarez@example.net,2822129837518,1960-07-13,ENHANCED,IN,2025-05-09T07:01:18Z
eea1d44a-3d5a-46ef-b9d6-fe6bc0fed1ce,Juan Krause,tara44@example.org,3606367076013,1977-06-07,STANDARD,GB,2025-03-31T01:11:41Z
a7357cf0-769d-4dad-954f-ba19595c6d00,Alexander Garcia,gperkins@example.org,7430590190978,1959-12-19,STANDARD,GB,2025-08-09T08:58:00Z
3e3ba3da-c144-4ffb-9283-3cc51707ea63,Brittany Fernandez,michael23@example.org,9634950858105,1967-04-19,BASIC,SG,2025-08-22T20:07:40Z
fdb89583-d700-46b9-8e9c-dd68d6260ef6,Tara Brewer,sharon87@example.com,7951921323237,1995-06-02,BASIC,IN,2025-08-26T22:50:38Z
6d954cbe-1811-45c9-9cc4-54a8c27f74d4,Travis Barajas,colson@example.net,0271170076816,1965-10-13,ENHANCED,IN,2025-10-13T19:21:45Z
4ed79f1a-acd6-43c9-b465-5faab31e15f7,Penny Willis,matthewmccoy@example.com,0805096335001,2007-04-25,STANDARD,GB,2025-07-17T03:14:48Z
672cbc7c-dac1-4790-8e99-89d621383234,Jay Copeland,gburch@example.net,9506469178861,1983-06-24,ENHANCED,IN,2025-08-27T11:08:06Z
003196dc-c6dd-4635-ac37-5a656f9999d4,Matthew Jimenez,mmcbride@example.org,9740969407359,1981-11-18,ENHANCED,SG,2025-02-02T01:56:44Z
9cc91cb8-9cee-481a-968c-106d82442044,Edward Juarez,riveraamy@example.net,9067892974804,1995-05-03,BASIC,SG,2025-12-13T01:52:50Z
5d3bfb4c-8775-43b7-b70b-523a834ff8bd,Frank Walter,hubbardjohn@example.net,4363895992137,1985-02-10,STANDARD,US,2025-09-03T13:17:03Z
7a42982a-c838-4862-abc0-f45dd0be068c,Tiffany Hernandez,jthompson@example.com,0847012068155,1954-11-02,BASIC,US,2025-08-02T21:07:37Z
8beca2ab-30ae-4810-8eae-faa2892bbebc,Casey Torres,carpenterdavid@example.com,7132430041278,2006-08-26,ENHANCED,IN,2025-09-24T07:44:35Z
2c16eb4f-59be-471c-9eb3-f8373ee5c182,Veronica Levine,samanthaedwards@example.net,2974498229523,1997-04-09,ENHANCED,FR,2025-11-22T16:03:13Z
aa572fe9-0362-4d9b-9c78-facd84168280,Megan Martinez,katie45@example.org,7827115622310,1956-03-18,ENHANCED,GB,2025-09-30T13:15:16Z
c9b22882-a49e-43da-bc59-1ebe8bdeb14b,Jennifer Martinez,aalvarado@example.net,1065339657852,1976-03-14,BASIC,DE,2025-01-25T05:22:32Z
9a53131f-1f56-4435-a8a1-97ea76483ee2,Jason Carter,lewismark@example.com,7469117197647,1967-08-07,STANDARD,IN,2025-02-28T07:02:05Z
314e8b63-4675-4dec-8c79-491a26fb05a0,David Haynes,williamlee@example.org,6561816246824,1972-01-30,STANDARD,IN,2025-12-11T16:10:55Z
3c34d67f-e175-406f-b338-6a87b2cfe0ce,John Barr,nsalazar@example.org,4806048753607,1977-12-22,STANDARD,US,2025-12-08T22:10:47Z
dfc6b5fa-c56a-4eee-ba7c-3337257a4b1d,Melissa Fleming,davistiffany@example.org,6365976561314,1985-04-22,BASIC,FR,2025-02-27T05:52:50Z
e98d7d22-8f68-425f-9fa6-ec5a395c928a,Paul Wolf,kguerrero@example.com,3988654657707,1988-04-25,STANDARD,DE,2025-12-25T17:41:29Z
bd942704-4640-4130-a099-e672a9976626,Mary Li,reedkimberly@example.org,7478681012316,1960-05-25,ENHANCED,GB,2025-06-23T22:51:55Z
feaa5fe2-4cd2-4134-87e2-7e227add12ec,Sally Turner,thomasmark@example.com,1017506457342,1981-10-29,BASIC,FR,2025-11-21T22:12:01Z
a50c89e0-d65c-4210-acc6-55132a02ff67,Robert Chavez,katherine29@example.net,8134548318563,1992-02-25,STANDARD,US,2025-04-21T09:39:09Z
2caa1f0d-c4fa-4c88-a4a8-3bfd571e59be,Alexandria Wallace,upatton@example.com,7393435879561,1950-09-04,STANDARD,DE,2025-06-06T01:54:53Z
f257252f-6016-4402-8285-10bc44a4cc07,Nicole Lawrence,pmccoy@example.com,3689370735704,1969-11-16,ENHANCED,AE,2025-03-24T23:58:45Z
2b074a9e-9d8e-42af-8573-9b801c60c6c5,Pamela Fields,nsolis@example.net,4879234650145,1999-08-24,BASIC,SG,2025-11-14T05:49:45Z
be98903b-62a3-4a1f-b13c-3860c120a1b8,Charles Gutierrez,darryl92@example.org,4864748540353,1971-11-05,STANDARD,GB,2025-01-08T19:44:00Z
93fb1495-43f0-42a1-bc2c-b01460c5241b,Rebecca Baker,andrew44@example.org,2351551826419,1980-05-11,STANDARD,US,2025-01-23T18:24:25Z
025f0176-2720-487a-afbc-a82350379982,Mr. Joseph Nicholson Jr.,yhardin@example.com,7752349133303,1997-09-03,STANDARD,SG,2025-07-24T08:58:48Z
ac84b88b-aa61-4acd-bb86-38692ec12d6d,Bianca Becker,fbell@example.com,3368730501451,1983-01-11,STANDARD,DE,2025-06-01T04:56:35Z
82e1a4fb-9c2b-448d-850a-d02db51df992,Joseph Thompson,blackedgar@example.com,4395717563507,1983-03-25,ENHANCED,SG,2025-09-21T15:22:49Z
d1d3e809-fbb7-4782-a0ae-c6afcd363997,Joshua Pugh,norrissteven@example.net,9152138551618,1952-12-12,STANDARD,IN,2025-09-18T05:23:32Z
0df4e71f-4b85-4882-924e-bef82c6a636f,Mario Shaffer,zruiz@example.com,8037213596311,1985-12-18,BASIC,SG,2025-05-29T01:28:21Z
5bfb3e59-4b10-4f65-afef-4221cabbc4a9,Monica Obrien,rosetracy@example.net,4069480427333,1959-12-20,STANDARD,FR,2025-03-10T16:19:37Z
2ddd4aa5-64ce-4b2c-9af8-bb447277b231,Mark Leonard,david65@example.org,6081790627722,2002-11-28,BASIC,US,2025-10-09T00:52:26Z
ef7692cd-d9c4-4c6a-b563-9d10eecb7ef3,Rebekah Anderson,framirez@example.org,7591888283201,1972-05-08,ENHANCED,FR,2025-03-24T00:25:05Z
44490729-af30-4aa5-9543-c7aa63533ae1,Darryl Williams,austinmccall@example.com,6432897720583,2004-09-30,ENHANCED,AE,2025-06-11T02:21:53Z
f8409dda-80ce-407b-b57a-b011f71f86bd,Tanner Dennis,urodriguez@example.net,8898204907969,1953-08-24,BASIC,IN,2025-06-24T11:14:22Z
0dd6e3b8-00e4-4fa1-a698-3f8ba346527a,Jeffery Fisher,hallen@example.com,2645491705167,1980-07-18,BASIC,AE,2025-07-05T19:17:30Z
342e835a-e536-4ec3-a629-cf55ee8aab7c,Bryan Johnson,hernandezbrett@example.net,7503374776132,2004-04-26,BASIC,SG,2025-10-05T03:09:48Z
71e97faf-b243-49f8-9b04-89c9d4004c65,Rachel Diaz,brittney72@example.org,3179792190663,1984-04-02,STANDARD,IN,2025-04-23T22:25:17Z
47f33ce2-21b7-47ae-89b0-f110f83c0faa,Monica Martinez,scottrobinson@example.com,7928515901469,1961-12-02,STANDARD,US,2025-12-08T12:01:49Z
1f09dd4f-1770-4aaa-abc9-3e137573eaf6,Grace Johnson,morrisjamie@example.com,8449472447392,1989-12-22,STANDARD,US,2025-02-22T06:26:13Z
55b33778-988a-4391-9eb9-984807c339af,Carlos Lewis,glenn46@example.com,2506428536422,1974-06-20,ENHANCED,FR,2024-12-31T07:01:13Z
9d78cee1-0915-4386-ad81-cd6edbe675d9,Dr. Kayla Harper MD,traci84@example.org,2141314875934,2006-02-14,BASIC,AE,2025-10-09T06:17:34Z
9b05ece1-428f-4a89-a284-9ee720e71a03,Gregory Gibbs,wolfenicole@example.net,9002948196337,1987-01-14,BASIC,FR,2025-06-06T07:13:29Z
d00a4bd3-5b83-4aaf-a84d-9ae907a7d652,Gloria Williams,jonathan16@example.net,8413954449130,1955-10-10,ENHANCED,IN,2025-05-02T22:56:41Z
ad583e42-7aa8-41f3-836f-d3ba07c53f16,Hannah Lopez,rmorgan@example.org,8842918203588,1982-05-31,ENHANCED,IN,2025-12-09T15:03:07Z
e1a28ae7-f1e5-4426-9a83-9c5b60b47311,Trevor Barnes,xmartin@example.org,5209022441826,1994-02-23,BASIC,IN,2025-06-17T16:31:40Z
068fa04e-17bf-4310-b08a-4ca9415dac0a,Matthew Flores,shanegriffin@example.org,4628583651859,1981-02-02,BASIC,AE,2025-08-26T22:35:39Z
4cd37fe1-6033-4cc0-a9b0-08bb4ff84dd3,Tammie Hubbard,bradleychelsea@example.org,5608112645024,1997-03-03,ENHANCED,FR,2025-01-21T04:13:05Z
2df47381-875f-4751-b22c-2348258b26f2,Gregory Curtis,zmurray@example.org,4581505865889,1974-09-01,STANDARD,AE,2025-07-19T01:19:11Z
1c551df8-d39e-4908-862f-b49a5da6bc94,Chad Jones,courtney36@example.org,8488268812312,1995-10-06,ENHANCED,FR,2025-05-11T09:34:46Z
3edad294-c422-4390-b874-3e3ffd0d95e1,Marcus Gallegos,ariasbrett@example.org,2682289674035,1970-09-12,STANDARD,GB,2025-07-27T05:58:33Z
0558d046-fa8b-4415-a7e3-5d1c22bb7c1d,Rachel Glass,coxnicole@example.net,2998507882057,1998-07-31,STANDARD,SG,2025-03-07T20:31:52Z
e70c3066-949d-4457-83a9-bc938b7ff12f,Jennifer Bradley,wongbrandon@example.org,1196534717887,1989-06-21,STANDARD,AE,2025-01-27T16:13:40Z
2e5b07d7-0360-4cad-875f-2f784740cc74,Lance Reed,margaretjones@example.org,2863333350644,1953-11-04,BASIC,US,2025-05-20T23:05:52Z
b031c21f-0051-4b56-8117-ffb0af3705fd,Jason Calhoun,tharper@example.net,7774601795280,1999-02-26,STANDARD,IN,2025-02-17T11:47:03Z
f3ce4803-b9b4-4351-b28c-4c6cc8cd5186,Katherine Thompson,mike99@example.org,0955691555422,2003-10-22,STANDARD,FR,2025-05-16T07:05:05Z
bfd84d8c-7ed3-41c5-8abe-58a7db10fb24,Leah Petersen,murraytonya@example.com,8105368454801,1986-04-16,STANDARD,US,2025-09-30T12:22:37Z
aca94dce-cc8a-4dc8-b66a-ec60fab5d205,Justin Ward,qwiley@example.org,6044050903887,1956-06-19,STANDARD,SG,2025-11-27T00:55:46Z
d205c6c3-c576-45d5-bb00-a5ae0071b589,Gina Patel,michael21@example.net,7328485746989,2007-10-03,STANDARD,AE,2025-06-27T02:16:01Z
39baaed2-0e85-4eb2-bc31-0a39fe9d3368,Angela Krause,thomassandra@example.com,2669463018224,1980-02-19,BASIC,US,2025-04-13T05:40:56Z
e8b80664-8f1b-4222-98b8-206b08b44dc3,Shannon Keith,jenniferrollins@example.org,5006433917313,1957-04-28,BASIC,DE,2025-02-09T00:51:48Z
d5e43a48-cd7a-483f-a258-b9aa189d11fb,Brett Richards,nguyenleslie@example.com,6725672811787,1957-02-25,BASIC,US,2025-07-23T10:59:02Z
7052342a-3432-4c41-870a-e97363e795a5,David Flynn,christopherlowe@example.com,7629672748198,1960-11-13,ENHANCED,FR,2025-04-16T15:50:55Z
6bbf17d7-841a-4f0d-a6a2-e5e0ba165f1e,Daniel Mccoy,johnvaughn@example.com,6823355114172,2000-09-07,BASIC,AE,2025-10-23T04:39:53Z
667b1449-fabf-4d0e-9428-ac11b80d98ce,Walter Suarez,esmith@example.net,8630823565359,1963-02-10,BASIC,IN,2025-01-11T01:36:59Z
f56416d4-8d7f-4345-9703-2eaf438900cb,Deborah Chan,davidstephanie@example.net,0409106867509,1997-08-23,BASIC,DE,2025-04-23T19:07:29Z
a066233a-00b0-4a0e-8c93-c9517a70b67f,Kevin Moore,redwards@example.net,0455011708617,2005-01-29,STANDARD,AE,2025-09-09T03:13:15Z
97517528-35ca-4624-996a-33d2fa4db11d,Anna Stephenson,alexander18@example.net,6315908699280,1955-08-02,STANDARD,AE,2025-08-23T23:49:33Z
2c42db0a-f01b-4362-9400-d7c28669cf14,David Thompson,peter05@example.com,8734803563734,1952-10-16,BASIC,GB,2025-08-12T12:59:21Z
113550b5-de86-4216-aff9-749ca0dc3095,Nancy Berry,yfrederick@example.org,1148170190302,2006-03-13,BASIC,AE,2025-04-17T12:07:34Z
10a5ebdd-c957-447a-864d-89b7a6a62758,Kendra Oliver,rfoster@example.com,5727487043837,1970-07-09,ENHANCED,IN,2025-08-18T07:11:00Z
42529cc0-66d3-4f15-bb22-61b2b28b71a5,Laura Walsh,debra82@example.org,3202720845637,1950-03-02,BASIC,IN,2025-07-20T16:03:09Z
e9acfb1f-697c-4b5d-861b-e0dafbae0862,Melissa Chase,robertward@example.com,0849703177372,1958-04-24,BASIC,DE,2025-09-28T14:54:59Z
0aa2ff7d-e111-426d-bc68-2e0fcb879ef7,Jody Mcneil,floreschristine@example.net,9968103941127,1973-07-24,STANDARD,IN,2025-08-10T17:40:14Z
e5c40c0a-f6b1-4714-884d-aa11889332ff,Justin Montes,mramirez@example.com,9163466168222,1968-11-29,ENHANCED,US,2025-08-18T01:24:59Z
d111abd1-d5d7-41fb-bd08-d32a679ece32,Matthew Thomas,tristancisneros@example.org,2261755131980,1951-10-23,STANDARD,AE,2025-02-08T16:30:26Z
bec19a4a-021a-4834-acd4-5d41dd6b00b9,Laura Benjamin,garciamitchell@example.net,8556968828043,1964-09-22,ENHANCED,US,2025-04-08T08:29:15Z
602d7d6e-e7e2-410c-b6f7-f21df9036324,James Kerr,oharrington@example.net,7664464707758,1951-10-05,ENHANCED,FR,2025-08-23T10:06:07Z
66c1999a-8552-44e0-a01d-bf665baceed0,Carla Flowers,daniel71@example.org,7757848569270,1992-08-06,STANDARD,SG,2025-06-12T16:04:54Z
661c7517-e55b-4651-9f19-5029216b867d,Tracy Campbell,kimberly56@example.com,2235365629799,1985-05-04,BASIC,GB,2025-06-25T08:35:07Z
130463ac-00fe-4aee-8545-1c02ef4f52a4,Maria Wheeler,matthewjohnson@example.org,4567468534833,1982-12-20,STANDARD,IN,2025-07-15T02:38:35Z
fe5b88cb-c2ed-4152-b232-99b9c1ce17a8,John Pollard,valentinetaylor@example.org,8411157371754,2007-12-22,ENHANCED,US,2025-10-01T07:12:04Z
29ca7ee5-8e2f-4cbe-86d6-bbe7c7f29f95,Jon Williams,helenharris@example.com,3747016438941,1969-10-29,STANDARD,GB,2025-08-01T10:48:55Z
1732d861-d137-42d6-a7cd-9c3b00cf928b,Amber Wiggins,rhondanewman@example.net,2702385440571,1965-09-03,ENHANCED,GB,2025-02-06T08:16:31Z
9e6e5925-36b3-4ca5-879c-7d24984d9615,Jerry Scott,taylorwilliam@example.org,2157586222460,2002-07-22,BASIC,IN,2025-12-31T04:22:33Z
cec6f7a9-d75c-4618-866b-0bfbfea2d04a,Anna Christensen,kcowan@example.org,3305116851082,1986-09-14,ENHANCED,SG,2025-08-04T07:10:35Z
2c9b61af-4846-49e8-8954-a3b4dcb9f447,Kara Francis,clayton51@example.org,1503498055173,1990-10-05,STANDARD,US,2025-05-31T10:56:25Z
f99caadd-c871-44c4-a632-3ddb9f8683bc,Daniel Schwartz Jr.,claudiahodge@example.org,1249431153890,1962-05-05,BASIC,AE,2025-10-24T11:49:28Z
6260443e-e991-42fd-92a2-91701247317e,Lisa Wise,wilsonjeffrey@example.net,1144686570931,1988-06-23,BASIC,US,2025-01-31T03:56:48Z
4ca6456a-735d-4ba8-b844-f0a31d62f9a9,Anthony Gregory,mray@example.net,2095970208458,1990-10-06,STANDARD,GB,2025-12-29T08:57:29Z
d715ef58-7c44-47a4-8013-785cde43711a,Dr. Thomas Davis Jr.,williampatel@example.org,7355424534199,1951-09-07,STANDARD,AE,2025-11-06T10:33:40Z
c7e63983-5bfe-40d5-9edd-6f97d6ed8709,Stephen Evans,tbaker@example.org,5317911384049,1983-04-10,ENHANCED,GB,2025-09-07T14:33:39Z
79093dd6-1076-4ece-b456-5694bd2903ee,Kristen Hull,wsmith@example.com,7076055319088,1982-05-15,BASIC,GB,2025-03-05T00:44:15Z
47e16a14-3cee-4591-89c9-e2b1219ff12b,David Martin,sjohnson@example.com,9800678092051,1996-03-05,BASIC,IN,2025-02-14T12:18:56Z
81daa5d4-e63f-4999-a7df-14cca72eec8b,Kimberly Martin,adamssusan@example.com,2295011897199,1972-04-21,ENHANCED,IN,2025-12-23T20:44:15Z
b9c3a445-dc6b-4c1f-8789-8f710c6779ea,Gary Hernandez,qpage@example.net,2119865715282,1983-07-08,BASIC,DE,2025-05-15T02:07:05Z
e61c24c1-e5f8-400a-9ed0-58dac62f181a,Dawn Evans,stevehill@example.com,8322475614704,2002-07-11,STANDARD,FR,2025-10-17T19:47:04Z
c85d4fc6-6993-4164-b69a-652acac84281,Ashley Davis,mollywaters@example.org,7389217244198,2006-10-25,BASIC,DE,2025-08-18T05:11:16Z
854b353c-a33b-41c2-ae56-56e384a09eef,Katherine Cruz,lowepatrick@example.com,5273471294483,1967-04-27,ENHANCED,DE,2025-03-18T16:51:04Z
cc927858-226c-49c5-8d8a-0e438485302e,Jacob Peters,tracy88@example.com,0512807430509,1997-07-08,ENHANCED,AE,2025-03-09T13:26:59Z
e5f953dd-6422-4a21-9685-af991c54f04c,Destiny Robertson,garciakelly@example.net,7354093136649,1975-02-27,BASIC,US,2025-04-22T20:33:31Z
49ad2810-91f3-4a04-b226-f789cc0db290,Shawna Woodard,jason89@example.org,1358703930588,2000-04-09,ENHANCED,US,2025-12-09T03:21:58Z
a0ad06bf-df26-4001-b307-bfdd62ad89a8,Bianca Cline,margaret25@example.net,8782515734780,1953-07-29,BASIC,IN,2025-06-06T22:50:48Z
ce5d04a8-f993-43e9-a3ba-de99d6636890,Garrett Jones,michaelprice@example.org,7878487232881,2004-05-07,BASIC,AE,2025-12-02T01:47:11Z
f2c9faed-2c64-4326-864c-51766577cf74,Andrew Russell,mercedesbush@example.net,4861766568408,1962-12-15,BASIC,IN,2025-03-23T05:41:34Z
b1eb72e4-1772-471b-aa46-3054cc22c5f3,Priscilla Leblanc,jenniferwilliams@example.net,2463588147654,1965-03-22,ENHANCED,AE,2025-06-02T22:20:31Z
d6fa7bf3-9653-4279-b558-e8232d49df6d,Justin Higgins,shenderson@example.org,2529253332729,2001-06-06,ENHANCED,DE,2025-02-04T11:08:56Z
f3b60824-2827-4d8a-889c-c41189020dd2,Robert Lowe,wdelacruz@example.net,1575111615458,1967-03-03,BASIC,AE,2025-06-01T07:16:51Z
d72e9b3b-c895-4343-9a3c-7dc1c5fb52b2,Scott Brown,stephanierivers@example.com,6023549495626,1989-07-17,STANDARD,DE,2025-07-26T03:17:04Z
7c7e74ea-627c-447a-8626-486eb7a308bb,Joshua Hill,campbellroy@example.net,9401328501278,2001-08-13,ENHANCED,AE,2025-12-06T12:12:20Z
fd9eb2fd-f4eb-4ea5-9300-6b6e70238050,Christina Lopez,james03@example.org,0818751875680,1978-08-08,STANDARD,DE,2025-12-27T15:56:50Z
ebd592b6-9bb1-4d35-8550-49c96e91a322,Kristen Hughes,bradley26@example.net,8380229806023,1994-06-23,ENHANCED,DE,2025-05-07T02:40:34Z
bd849a4c-c58e-42df-bcfb-ade269127097,Ashley Castro,aboyd@example.com,0371316199730,1997-09-29,BASIC,US,2025-05-13T23:13:14Z
34c39736-5efb-462a-9e50-c8b288da907a,James Olson,josephstephanie@example.com,0658989347012,1973-01-05,ENHANCED,US,2025-08-19T21:08:55Z
148ff5f7-c110-4b5c-a5a3-a9187c5ad76b,Alexis Tucker,svelazquez@example.com,0037918210931,1959-02-12,ENHANCED,DE,2025-10-28T17:23:26Z
5061c0c2-b2c2-40de-8a74-931ce1d1b40d,Philip Frost,transtacy@example.net,8672621718755,1956-08-23,STANDARD,DE,2025-08-19T03:41:37Z
6768335a-0666-4e16-83d3-b5beb85e142c,Kelsey Webster,michaelowens@example.org,2723598376476,1950-12-04,ENHANCED,FR,2025-03-22T13:43:48Z
c5e9627d-efea-49be-bb9c-d7f1fc76e1f7,Danny Webb,qward@example.net,0354842311352,2007-12-04,STANDARD,DE,2025-04-07T19:56:50Z
96fde9a6-3d03-45e0-a5dc-fd45c91177a4,Charles Wade,grant43@example.com,9118091874892,2002-11-26,ENHANCED,US,2025-09-11T02:29:46Z
1934e809-0ab1-4417-b82a-519ed94117c7,Catherine Lopez,bryanbutler@example.com,8808419647182,1961-06-16,BASIC,FR,2025-10-05T20:07:35Z
a70da2a6-7d41-4244-9ae8-4f888f503848,Robert Smith,roberta80@example.org,1002340135518,1982-01-22,ENHANCED,GB,2025-09-18T23:48:38Z
506a5674-26c7-47f1-9839-73d5a0041b27,Jeremy Rodriguez,jacksonsamantha@example.org,2351335905159,2006-04-17,STANDARD,AE,2025-09-23T15:27:14Z
a7130570-be48-4ba9-8ed8-cb64d78e4357,Ian Mitchell,crystal36@example.net,2340284150787,1987-12-29,ENHANCED,DE,2025-08-30T15:47:27Z
bbae6dfc-7765-4ded-a577-3b86a4af678c,Angel Dixon,renee47@example.org,3795044801877,1995-08-22,STANDARD,SG,2025-01-24T10:04:41Z
b1d5c0d7-9677-40ae-8444-1762ab0b8984,Katie Peters,fjones@example.org,4160143083765,1989-01-03,BASIC,SG,2025-04-04T05:22:26Z
9abb678f-ffc6-49c8-9cd0-b47e493cae74,Joseph Faulkner,iholmes@example.org,7254189280746,1963-12-30,STANDARD,FR,2025-09-02T08:50:27Z
a2b18c65-dbf9-4755-b105-3017bd09a1af,Antonio Mitchell,cholloway@example.com,2486587850110,1999-04-27,ENHANCED,AE,2025-09-13T15:21:00Z
c8829593-6bbc-4bda-84df-db29cf94f691,Brian Holloway,anitadavidson@example.org,8101935325792,1959-03-01,BASIC,IN,2025-11-21T09:01:40Z
c91bc559-e0f7-4b9d-8935-94b2a73efcd6,Thomas Miller,wilsonelizabeth@example.com,5589098689444,1994-09-12,BASIC,US,2025-12-15T04:37:36Z
559845b0-9afd-46f0-b59e-55d478ab0749,Ethan Pearson,whiteveronica@example.net,4955117499657,1958-12-08,STANDARD,IN,2025-02-15T23:42:54Z
e93b0146-3e9d-4149-b548-fa9f430a7c62,Leah Zamora,justin21@example.net,3250854471338,1951-01-15,BASIC,US,2025-01-07T04:33:36Z
bf7d21ca-cf22-4a7d-9094-17af7edc3159,Sara Elliott,mackenzieromero@example.org,1190973941617,1953-03-02,ENHANCED,US,2025-10-21T06:10:32Z
01c040cc-92e5-4873-901f-607223f544da,Jacob Martinez,richardsroger@example.org,7367369205983,1990-03-08,ENHANCED,US,2025-01-09T03:08:12Z
7f3a68f7-d6e3-437e-a734-a3b9cf267238,Natalie Arnold,joshua83@example.com,6823889907870,1985-02-02,STANDARD,IN,2025-11-27T08:06:28Z
14e6cd5c-9ac7-4133-b0a5-36e065e5e734,Andrew Patterson,robert45@example.org,4734588524681,2004-09-09,ENHANCED,SG,2025-04-02T03:12:19Z
02e008b3-8082-4a8f-b5b6-b84e92921488,Melissa Wells,xgonzales@example.com,6852520035527,1983-07-19,BASIC,IN,2025-11-06T20:37:43Z
77e3c503-7cca-4831-ad50-dd8984d051c6,Matthew Jenkins,lucassmith@example.com,3443620083014,1978-10-22,BASIC,FR,2025-11-04T04:22:24Z
cb6bbf44-15df-42cc-891b-b011118cc1c4,Nancy Montgomery,townsendjeremy@example.net,2331081332014,1960-05-27,ENHANCED,DE,2025-02-10T02:25:18Z
93d65916-23f1-4605-9be8-a3d8330c5ecd,Caitlin Taylor,thowell@example.org,8450018283643,2004-08-13,BASIC,IN,2025-08-05T12:14:06Z
a1a42ffe-cc3a-4a23-928f-4d820c2d99e6,Michele Moore,vargasjessica@example.org,3407570295826,1994-03-16,BASIC,GB,2025-11-10T06:04:28Z
96543955-e553-4c4b-aaf8-82e01a7348b4,Judith Riddle,lopeztyler@example.org,6034373821831,2003-02-25,STANDARD,GB,2025-07-20T17:21:15Z
89a43427-ae6a-4287-a250-cf4e3b1f7a50,Jodi Stark,wdelgado@example.org,9264289992299,1990-08-27,STANDARD,GB,2025-12-20T16:49:49Z
1934f481-1bc8-4cea-8c19-534c3998172b,Timothy Baker,sarah46@example.org,0058146118918,1973-04-22,STANDARD,FR,2025-12-06T16:12:25Z
8d0b1735-072d-40a9-9bcd-b7fdee61022a,Renee Thompson,wthomas@example.net,6601600122149,1985-10-16,STANDARD,FR,2025-02-25T11:15:57Z
c8580ef6-275e-4551-8e65-57234f03de92,David Meyer,ericasullivan@example.org,5092119880613,1986-09-19,ENHANCED,US,2025-08-05T07:05:44Z
2c03c21f-475e-4834-ba3d-ddac4625281f,Taylor King,munozjonathan@example.com,8860961621689,2001-04-11,STANDARD,AE,2025-06-03T04:28:07Z
6b03d21c-97e6-42f1-80e9-69c0f4344ac9,James Smith,josephjames@example.net,0932451011591,1991-03-07,STANDARD,DE,2025-11-10T16:58:49Z
7d7ea478-6b3a-4504-816d-1a9d48cd6b39,Scott Johnson,kimberly20@example.org,8698629534257,1978-06-18,ENHANCED,IN,2025-12-06T10:01:21Z
15635546-9e78-4f3d-91b6-4295829d93bb,Lisa Young,kimberly75@example.net,9773094306546,2000-01-19,ENHANCED,FR,2024-12-31T02:17:49Z
3cdcbe1a-5657-4c11-b35d-3bc77adea15a,Vickie Holder,robert82@example.net,3756950832970,1956-03-05,STANDARD,US,2025-08-05T23:24:12Z
1019d23b-656c-4d34-8369-070cc2d452ce,William James,melissacox@example.net,3933508917650,1997-07-19,STANDARD,FR,2025-04-06T22:15:01Z
e201ef4c-f1eb-474d-b0f3-8fe67dce1fc8,Joseph Rogers,heather23@example.com,5716307179687,1954-11-24,STANDARD,SG,2025-12-04T05:26:51Z
5f563cda-7a64-45a0-ab2d-6bc4024e420b,Paul Stone,christinavilla@example.com,4752245595031,1971-01-30,ENHANCED,FR,2025-11-12T11:42:43Z
476f3bf6-2653-4859-87cf-b9006dc1d254,Erin Gonzalez,lindawilliams@example.com,3217369921421,1999-02-21,ENHANCED,GB,2025-09-27T11:35:57Z
0497669a-0a7b-40f7-b95e-c785dfd0b732,Nicole Kennedy,tiffanyclark@example.com,4798380500712,1992-01-17,ENHANCED,IN,2025-04-11T20:07:08Z
776d01e2-7201-4e77-9475-36794c3499b1,Jessica Combs,susan99@example.com,5145180893095,1965-02-17,ENHANCED,IN,2025-08-07T21:47:19Z
01e86a35-ed42-47ab-90b4-38231c1cf7f2,Keith Roberts,jmartinez@example.org,7455986476355,2002-12-24,BASIC,DE,2025-04-19T23:34:12Z
5031ce6d-d64f-43aa-9725-a0ddf6cdacf1,James Saunders,jamesthompson@example.com,5715272646828,1985-05-19,ENHANCED,AE,2025-11-19T11:45:19Z
c237584c-0204-4662-b4bc-37c2ab29acaa,Antonio Mccoy,sandersmia@example.org,2038482387070,1983-02-01,STANDARD,GB,2025-11-07T06:44:38Z
d8df31e7-cddd-490d-bee4-880025eedd70,Stacey Jones,amanda26@example.org,1546608305890,1998-11-08,STANDARD,DE,2025-11-12T14:59:47Z
3e67a4c3-0cf6-4f83-adab-d18e29532f8a,Laura Thornton,patrick05@example.org,6446697253812,1978-01-22,ENHANCED,US,2025-11-16T14:14:13Z
3386591c-f6f9-4fb2-aea2-510b2e7a6bf5,Debra Fields,carterjamie@example.com,0135223724955,1985-03-28,STANDARD,GB,2025-06-23T22:06:06Z
874dca23-23ed-4c44-8583-6f63bfb4c6b9,Donald Santiago,edouglas@example.net,6503790727977,1975-05-05,ENHANCED,IN,2025-05-25T09:45:57Z
7ada264d-1b50-42e7-ac45-be744ffd658f,Joel Lewis,brian46@example.net,7419059262536,1961-08-19,BASIC,SG,2025-06-19T06:38:30Z
3f7e8823-e9ec-4351-a91f-521b4199eca5,Sara Richards,byrdandrew@example.com,7226357162792,1951-06-04,ENHANCED,FR,2025-10-27T10:15:12Z
7e3e9f82-7118-4bad-b068-b7bf0da1ddf3,Brenda Martin,farmercarlos@example.net,0145504194595,1965-02-18,ENHANCED,US,2025-01-12T07:33:58Z
f092845d-6094-4d4d-9964-9600f5ab1813,Tracy Diaz,jamesmoran@example.net,7427316465528,1976-05-20,STANDARD,AE,2025-07-05T08:25:54Z
988697f1-0360-4990-b95e-43ca83832f2a,Grant Collins,moorebenjamin@example.com,0505712978267,1971-05-06,ENHANCED,AE,2025-10-12T13:12:40Z
16203f94-fc8b-4747-838a-d6996a3b03a3,John Fitzgerald,xcook@example.org,6016569908481,2004-01-24,STANDARD,SG,2025-07-18T23:25:59Z
2b935f4b-8609-4f30-baca-26b24d11b61e,Yolanda Sharp,mullinsrobert@example.org,8239778577673,1998-12-19,ENHANCED,IN,2025-01-12T20:14:29Z
4c7178fe-7b95-4173-9041-9af838e908fd,Cassandra Wise,wgilbert@example.net,4935791430408,1955-03-03,STANDARD,DE,2025-10-27T17:26:37Z
76935f08-7246-431c-ba0d-cad46f7b12de,Sandra Zamora,yfreeman@example.com,3564552630218,1984-08-01,ENHANCED,IN,2025-01-08T20:56:35Z
be75ecab-3b57-4ad1-ad83-d9893e2b3dae,Elizabeth Duran,yberger@example.org,1887205942080,1972-02-14,ENHANCED,FR,2025-08-16T18:37:43Z
f2c2ca47-2776-4d9b-b530-7b463949fcbc,Lindsay Benitez,karabennett@example.org,8968608699653,1977-10-14,ENHANCED,IN,2025-02-17T23:58:40Z
6914cd6c-f968-403f-8633-5b32e74214b7,Alexandra Hanson,ycarney@example.org,3434101445827,1969-08-31,ENHANCED,AE,2025-08-26T17:42:59Z
5b3ecb34-b3ed-47df-9baa-68b170635cfd,Benjamin Stewart,kellycoleman@example.com,2055142126601,1973-12-11,BASIC,GB,2025-07-05T23:44:50Z
7d92fd06-320e-4fd9-8377-4b93b3d914aa,Amanda Mayer,gsilva@example.net,6469855566315,2003-09-23,ENHANCED,US,2025-09-25T20:11:16Z
d081e525-e631-4925-a9dd-6c374f1893fa,Marie Walker,lanekerri@example.org,3337384546737,1992-07-18,BASIC,IN,2025-10-07T05:39:10Z
8761dcbd-7e40-428a-9962-7156c1a73b17,Anna Foster,kathydominguez@example.net,9038674744903,1983-07-31,BASIC,FR,2025-06-18T00:06:36Z
96d4a084-6679-463a-a249-a017bc7befc4,Suzanne Vaughan,wilsoncory@example.net,7619538917147,1984-05-09,STANDARD,GB,2025-07-29T18:46:41Z
7a2c4893-f49b-49dd-adcf-01a5c9f88cfe,Michael York,lisawest@example.org,1891399015263,2001-06-17,ENHANCED,US,2025-09-22T01:37:39Z
1deabe91-a996-490d-97e9-f1b60854f1c1,Chad Thompson,stanley78@example.org,5100262721859,1954-11-19,STANDARD,SG,2025-08-09T22:05:23Z
deb9e53d-5162-4204-9720-dd15150beafb,Tiffany Taylor,jchoi@example.net,5608726041043,1984-12-16,STANDARD,FR,2025-12-14T05:08:49Z
5a712969-b9e0-4155-834e-818bd6efb42e,Timothy Parker,diane31@example.com,5442684904129,1953-08-29,ENHANCED,DE,2025-05-21T21:30:25Z
ff73b287-1cdb-45a8-8f5c-2e0825c5c442,Roy Patterson,angela16@example.net,7062316148156,1978-04-05,BASIC,IN,2025-08-01T12:44:20Z
74fa19e3-852a-45e0-83d8-1de6f9047b67,Raymond Roy,whiteronald@example.net,9500402428152,1993-08-22,ENHANCED,SG,2025-08-21T07:37:33Z
